﻿<xml xmlns="http://www.w3.org/1999/xhtml" collection="false">
  <block type="trade" id="xgH69|xFn9=70w.*3Vo@" x="0" y="0">
    <field name="MARKET_LIST">volidx</field>
    <field name="SUBMARKET_LIST">random_index</field>
    <field name="SYMBOL_LIST">R_100</field>
    <field name="TRADETYPECAT_LIST">digits</field>
    <field name="TRADETYPE_LIST">overunder</field>
    <field name="TYPE_LIST">both</field>
    <field name="CANDLEINTERVAL_LIST">60</field>
    <field name="TIME_MACHINE_ENABLED">FALSE</field>
    <field name="RESTARTONERROR">TRUE</field>
    <statement name="INITIALIZATION">
      <block type="variables_set" id="oFx.H7B}4V{[peg8sS@j">
        <field name="VAR">LastDigitPrediction</field>
        <value name="VALUE">
          <block type="math_number" id="G):/EZH)gG27Wf~7EBle">
            <field name="NUM">4</field>
          </block>
        </value>
      </block>
    </statement>
    <statement name="SUBMARKET">
      <block type="tradeOptions" id="x=V33~4Lb|(sLv`J[:Eb">
        <field name="DURATIONTYPE_LIST">t</field>
        <field name="CURRENCY_LIST">USD</field>
        <value name="DURATION">
          <shadow type="math_number" id="O*@58sDc=!cOO}*b2vf9">
            <field name="NUM">5</field>
          </shadow>
        </value>
        <value name="AMOUNT">
          <shadow type="math_number" id="ml)25~7^q}3I9}vjf:%K">
            <field name="NUM">1</field>
          </shadow>
        </value>
        <value name="PREDICTION">
          <block type="variables_get" id="Vv+aIacP;I{]-mMisv2m">
            <field name="VAR">LastDigitPrediction</field>
          </block>
        </value>
      </block>
    </statement>
  </block>
  <block type="before_purchase" id="i-CIx.(Onm4?ihxzA}Y]" x="564" y="0">
    <statement name="BEFOREPURCHASE_STACK">
      <block type="controls_if" id="n^#P9DG;#-aO9s4^=2L9">
        <mutation elseif="1"></mutation>
        <value name="IF0">
          <block type="logic_compare" id="1xvTJIuPF;BW%t99Y(5u">
            <field name="OP">EQ</field>
            <value name="A">
              <block type="variables_get" id="KoaO?|;-^i{.I)o8Lkp/">
                <field name="VAR">LastDigitPrediction</field>
              </block>
            </value>
            <value name="B">
              <block type="math_number" id="HXt5*!#G1Bl%FjPVx8#=">
                <field name="NUM">4</field>
              </block>
            </value>
          </block>
        </value>
        <statement name="DO0">
          <block type="purchase" id="W6q#Z-I3q3d[d3-`S[dS">
            <field name="PURCHASE_LIST">DIGITUNDER</field>
          </block>
        </statement>
        <value name="IF1">
          <block type="logic_compare" id="RL,DllK3~MS:2.4IZy~0">
            <field name="OP">EQ</field>
            <value name="A">
              <block type="variables_get" id="w7_m-$SdqCN-q*yF0S;B">
                <field name="VAR">LastDigitPrediction</field>
              </block>
            </value>
            <value name="B">
              <block type="math_number" id="~}sZj`ayfO}sh/=TKG.a">
                <field name="NUM">5</field>
              </block>
            </value>
          </block>
        </value>
        <statement name="DO1">
          <block type="purchase" id="`{/wyP;@]C%@N6SH~T*6">
            <field name="PURCHASE_LIST">DIGITOVER</field>
          </block>
        </statement>
      </block>
    </statement>
  </block>
  <block type="after_purchase" id="D^Jz1^n=2vtZku1vBN@;" x="4" y="319">
    <statement name="AFTERPURCHASE_STACK">
      <block type="controls_if" id="u([}bhlmZq+|5a.K@TQq">
        <mutation elseif="1"></mutation>
        <value name="IF0">
          <block type="logic_compare" id="BaQz?}TjQ9@Rd^L8)(-A">
            <field name="OP">LT</field>
            <value name="A">
              <block type="text_charAt" id="Hgg~Xwq57@cI7)7RVIjQ">
                <mutation at="false"></mutation>
                <field name="WHERE">LAST</field>
                <value name="VALUE">
                  <block type="text_join" id="h7Cz=/.t!k|!$m6n2T(R">
                    <mutation items="1"></mutation>
                    <value name="ADD0">
                      <block type="read_details" id="A.Q3_X`fF=-bpGiPq)3?">
                        <field name="DETAIL_INDEX">9</field>
                      </block>
                    </value>
                  </block>
                </value>
              </block>
            </value>
            <value name="B">
              <block type="text_join" id="YLG5KdC?e;;$HCJ%We1Q">
                <mutation items="1"></mutation>
                <value name="ADD0">
                  <block type="math_number" id="M3Z59Nx~Sb$$LSM{Cn^M">
                    <field name="NUM">5</field>
                  </block>
                </value>
              </block>
            </value>
          </block>
        </value>
        <statement name="DO0">
          <block type="variables_set" id="iIm;`zc8X~E9s7iL6(SX">
            <field name="VAR">LastDigitPrediction</field>
            <value name="VALUE">
              <block type="math_number" id="s:~Pl0V?W-HeT+HagMW_">
                <field name="NUM">4</field>
              </block>
            </value>
          </block>
        </statement>
        <value name="IF1">
          <block type="logic_compare" id="wC;g|+qau*}T|hm)y3LU">
            <field name="OP">GT</field>
            <value name="A">
              <block type="text_charAt" id="h9q_H]h;**+^7mrO3O^N">
                <mutation at="false"></mutation>
                <field name="WHERE">LAST</field>
                <value name="VALUE">
                  <block type="text_join" id="1HCuJU%+g!Xg,PtMvaZ~">
                    <mutation items="1"></mutation>
                    <value name="ADD0">
                      <block type="read_details" id=":1cP.q3,.EMOjc/sLTYd">
                        <field name="DETAIL_INDEX">9</field>
                      </block>
                    </value>
                  </block>
                </value>
              </block>
            </value>
            <value name="B">
              <block type="text_join" id="^!~w/l]K*|XHVK(m|P2|">
                <mutation items="1"></mutation>
                <value name="ADD0">
                  <block type="math_number" id="tQ?Wl:E%7d-aB=XGVUJ:">
                    <field name="NUM">5</field>
                  </block>
                </value>
              </block>
            </value>
          </block>
        </value>
        <statement name="DO1">
          <block type="variables_set" id="lM@L0y-rJgEZl@KW6B?+">
            <field name="VAR">LastDigitPrediction</field>
            <value name="VALUE">
              <block type="math_number" id=")rdGhb1S`_q6-hN_Y5Ju">
                <field name="NUM">5</field>
              </block>
            </value>
          </block>
        </statement>
        <next>
          <block type="trade_again" id="c)S|KjoQdXc8l#J@5z3P"></block>
        </next>
      </block>
    </statement>
  </block>
</xml>