﻿<xml xmlns="http://www.w3.org/1999/xhtml" collection="false">
  <block type="trade" id="xgH69|xFn9=70w.*3Vo@" x="0" y="0">
    <field name="MARKET_LIST">volidx</field>
    <field name="SUBMARKET_LIST">random_index</field>
    <field name="SYMBOL_LIST">R_100</field>
    <field name="TRADETYPECAT_LIST">digits</field>
    <field name="TRADETYPE_LIST">matchesdiffers</field>
    <field name="TYPE_LIST">both</field>
    <field name="CANDLEINTERVAL_LIST">60</field>
    <field name="TIME_MACHINE_ENABLED">FALSE</field>
    <field name="RESTARTONERROR">TRUE</field>
    <statement name="INITIALIZATION">
      <block type="variables_set" id="wxMJ^Iwg8MN%I|Kjb~BS">
        <field name="VAR">MinimumStakeAmount</field>
        <value name="VALUE">
          <block type="math_number" id="=of0lo7iEBq*I,/_ZH0f">
            <field name="NUM">0.35</field>
          </block>
        </value>
        <next>
          <block type="variables_set" id="~#^}w5OdSDth2tZURM1o">
            <field name="VAR">StakeAmount</field>
            <value name="VALUE">
              <block type="variables_get" id="*7^iPw4[!;u)flGUOQ09">
                <field name="VAR">MinimumStakeAmount</field>
              </block>
            </value>
          </block>
        </next>
      </block>
    </statement>
    <statement name="SUBMARKET">
      <block type="tradeOptions" id="x=V33~4Lb|(sLv`J[:Eb">
        <field name="DURATIONTYPE_LIST">t</field>
        <field name="CURRENCY_LIST">USD</field>
        <value name="DURATION">
          <shadow type="math_number" id="O*@58sDc=!cOO}*b2vf9">
            <field name="NUM">5</field>
          </shadow>
        </value>
        <value name="AMOUNT">
          <shadow type="math_number" id="ml)25~7^q}3I9}vjf:%K">
            <field name="NUM">1</field>
          </shadow>
          <block type="variables_get" id=")utP6H#F8;5H}v$WD%HJ">
            <field name="VAR">StakeAmount</field>
          </block>
        </value>
        <value name="PREDICTION">
          <block type="math_number" id="ITu[K7Rv5H!vBrc#V4T?">
            <field name="NUM">7</field>
          </block>
        </value>
      </block>
    </statement>
  </block>
  <block type="before_purchase" id="i-CIx.(Onm4?ihxzA}Y]" x="557" y="2">
    <statement name="BEFOREPURCHASE_STACK">
      <block type="purchase" id="W6q#Z-I3q3d[d3-`S[dS">
        <field name="PURCHASE_LIST">DIGITDIFF</field>
      </block>
    </statement>
  </block>
  <block type="after_purchase" id="D^Jz1^n=2vtZku1vBN@;" x="554" y="69">
    <statement name="AFTERPURCHASE_STACK">
      <block type="controls_if" id="KKDP|c2#=QjnEs!cupgU">
        <value name="IF0">
          <block type="contract_check_result" id="{lvAI+~0|}gM/Blx|5JB">
            <field name="CHECK_RESULT">win</field>
          </block>
        </value>
        <statement name="DO0">
          <block type="variables_set" id="Cu1arM~ooq]$,X?aY16s">
            <field name="VAR">ConsecutiveLosses</field>
            <value name="VALUE">
              <block type="math_number" id="k.l0EhhN$$Ing,o=c@D[">
                <field name="NUM">0</field>
              </block>
            </value>
            <next>
              <block type="variables_set" id="4x~q=.?0|6IH%4S|Z~b`">
                <field name="VAR">ConsecutiveWins</field>
                <value name="VALUE">
                  <block type="logic_ternary" id="f~5_b$2oc#t;y9)W./uv" inline="false">
                    <value name="IF">
                      <block type="logic_compare" id="|4i7kl}8qu_:3-~}~bMA">
                        <field name="OP">EQ</field>
                        <value name="A">
                          <block type="variables_get" id="^B,^s*1;iH.1|;fDwedN">
                            <field name="VAR">ConsecutiveWins</field>
                          </block>
                        </value>
                        <value name="B">
                          <block type="logic_null" id=")gq/Ol284@b3A=t[Hb_7"></block>
                        </value>
                      </block>
                    </value>
                    <value name="THEN">
                      <block type="math_number" id="xKN2+qjuULf-cWc,(J-`">
                        <field name="NUM">1</field>
                      </block>
                    </value>
                    <value name="ELSE">
                      <block type="math_arithmetic" id="eQ$Hu@,2?L[sqt2p0mpx">
                        <field name="OP">ADD</field>
                        <value name="A">
                          <shadow type="math_number" id="oHpX:vUJ40Z^gSfe44Ja">
                            <field name="NUM">1</field>
                          </shadow>
                          <block type="variables_get" id="t/4aBmr28{LOQEQZSEWc">
                            <field name="VAR">ConsecutiveWins</field>
                          </block>
                        </value>
                        <value name="B">
                          <shadow type="math_number" id="}@U.iiG/~.w-#ZqTt7T|">
                            <field name="NUM">1</field>
                          </shadow>
                          <block type="math_number" id="qim^.A|m,K/dehl+$M^^">
                            <field name="NUM">1</field>
                          </block>
                        </value>
                      </block>
                    </value>
                  </block>
                </value>
                <next>
                  <block type="controls_if" id=",*P)8ml/HseuXhl`O9nL">
                    <value name="IF0">
                      <block type="logic_compare" id="e$($L?1B`pxjd!:!a;SJ">
                        <field name="OP">GTE</field>
                        <value name="A">
                          <block type="variables_get" id="{.rQ,Fk7-pZ#]^D[zS0|">
                            <field name="VAR">ConsecutiveWins</field>
                          </block>
                        </value>
                        <value name="B">
                          <block type="math_number" id="HiHZz9sCL7sWe`zkkP]n">
                            <field name="NUM">3</field>
                          </block>
                        </value>
                      </block>
                    </value>
                    <statement name="DO0">
                      <block type="variables_set" id="b6~;i9O*F|SXrE7LT5+J">
                        <field name="VAR">StakeAmount</field>
                        <value name="VALUE">
                          <block type="variables_get" id="d1rp(%$U~aq{ap=3-Ox7">
                            <field name="VAR">MinimumStakeAmount</field>
                          </block>
                        </value>
                      </block>
                    </statement>
                  </block>
                </next>
              </block>
            </next>
          </block>
        </statement>
        <next>
          <block type="controls_if" id="0UaZNQGE~k_9eS|H8dXQ">
            <value name="IF0">
              <block type="contract_check_result" id="-,|EqyJe8.tt0j2(_L:x">
                <field name="CHECK_RESULT">loss</field>
              </block>
            </value>
            <statement name="DO0">
              <block type="variables_set" id="CWg@qb?1Rub854APx39C">
                <field name="VAR">ConsecutiveLosses</field>
                <value name="VALUE">
                  <block type="logic_ternary" id="jXdTuCur1Rc7pdC$+p6m" inline="false">
                    <value name="IF">
                      <block type="logic_compare" id="LuqHoeSJ$bP%O#YVSZjE">
                        <field name="OP">EQ</field>
                        <value name="A">
                          <block type="variables_get" id="xN`(,$MhOxD])/iG|VPw">
                            <field name="VAR">ConsecutiveLosses</field>
                          </block>
                        </value>
                        <value name="B">
                          <block type="logic_null" id="w7WQ$cin5]59jm}Y_MMg"></block>
                        </value>
                      </block>
                    </value>
                    <value name="THEN">
                      <block type="math_number" id="pnKT[^*B]G+5T4PCcpqE">
                        <field name="NUM">1</field>
                      </block>
                    </value>
                    <value name="ELSE">
                      <block type="math_arithmetic" id="wQKyahHTrjzV9P1!!K8H">
                        <field name="OP">ADD</field>
                        <value name="A">
                          <shadow type="math_number" id="oHpX:vUJ40Z^gSfe44Ja">
                            <field name="NUM">1</field>
                          </shadow>
                          <block type="variables_get" id="zPCV_@WBmXeByp1)xf|X">
                            <field name="VAR">ConsecutiveLosses</field>
                          </block>
                        </value>
                        <value name="B">
                          <shadow type="math_number" id="}@U.iiG/~.w-#ZqTt7T|">
                            <field name="NUM">1</field>
                          </shadow>
                          <block type="math_number" id="xBSmWum=g(^_.w9@9p7T">
                            <field name="NUM">1</field>
                          </block>
                        </value>
                      </block>
                    </value>
                  </block>
                </value>
                <next>
                  <block type="variables_set" id="(8`@HS``!AkxhlW*NU!_">
                    <field name="VAR">ConsecutiveWins</field>
                    <value name="VALUE">
                      <block type="math_number" id="[ST$3J}ZwhjH@6#*PtN.">
                        <field name="NUM">0</field>
                      </block>
                    </value>
                    <next>
                      <block type="variables_set" id="D/UVF`e^*F5t]S]`EMWh">
                        <field name="VAR">StakeAmount</field>
                        <value name="VALUE">
                          <block type="logic_ternary" id="#6,[SRZZ,EBVevM52/FY" inline="false">
                            <value name="IF">
                              <block type="logic_compare" id="!jPZHDgMm@#v:Jup]7|V">
                                <field name="OP">EQ</field>
                                <value name="A">
                                  <block type="variables_get" id="s!N8YftRre9Ay/~}cKxv">
                                    <field name="VAR">StakeAmount</field>
                                  </block>
                                </value>
                                <value name="B">
                                  <block type="variables_get" id="SGa]}iwKWtduQ(Wvc*l?">
                                    <field name="VAR">MinimumStakeAmount</field>
                                  </block>
                                </value>
                              </block>
                            </value>
                            <value name="THEN">
                              <block type="math_arithmetic" id="m6zUAca*EQRKIc{dppr)">
                                <field name="OP">MULTIPLY</field>
                                <value name="A">
                                  <shadow type="math_number" id=":Vq)zM=9rX+2i7fnsTfF">
                                    <field name="NUM">1</field>
                                  </shadow>
                                  <block type="variables_get" id="a){vl+3C{2rW:81y^7h/">
                                    <field name="VAR">StakeAmount</field>
                                  </block>
                                </value>
                                <value name="B">
                                  <shadow type="math_number" id="~BX*-*Ju;fjUMXrHz5ED">
                                    <field name="NUM">1</field>
                                  </shadow>
                                  <block type="math_number" id="}-@Q|[MLw)D,Rnny!l|t">
                                    <field name="NUM">3</field>
                                  </block>
                                </value>
                              </block>
                            </value>
                            <value name="ELSE">
                              <block type="math_arithmetic" id="~UnjS`qPZGAHx/4{+l%C">
                                <field name="OP">MULTIPLY</field>
                                <value name="A">
                                  <shadow type="math_number" id=":Vq)zM=9rX+2i7fnsTfF">
                                    <field name="NUM">1</field>
                                  </shadow>
                                  <block type="math_arithmetic" id="aRXYFjEloh6yUrSitX4$">
                                    <field name="OP">ADD</field>
                                    <value name="A">
                                      <shadow type="math_number" id="!_OC2b7{n=M2(QKqYk*%">
                                        <field name="NUM">1</field>
                                      </shadow>
                                      <block type="variables_get" id="Lr^W6bv:#ZX]dwH`h1R1">
                                        <field name="VAR">MinimumStakeAmount</field>
                                      </block>
                                    </value>
                                    <value name="B">
                                      <shadow type="math_number" id="z1%S@0x+`-wHNWj]DA^;">
                                        <field name="NUM">1</field>
                                      </shadow>
                                      <block type="variables_get" id="qtv7|K}_WjJ48[}Zq#id">
                                        <field name="VAR">StakeAmount</field>
                                      </block>
                                    </value>
                                  </block>
                                </value>
                                <value name="B">
                                  <shadow type="math_number" id="~BX*-*Ju;fjUMXrHz5ED">
                                    <field name="NUM">1</field>
                                  </shadow>
                                  <block type="math_number" id="PE]g;HY_#0,*0/FTM+TH">
                                    <field name="NUM">3</field>
                                  </block>
                                </value>
                              </block>
                            </value>
                          </block>
                        </value>
                      </block>
                    </next>
                  </block>
                </next>
              </block>
            </statement>
            <next>
              <block type="trade_again" id="c)S|KjoQdXc8l#J@5z3P"></block>
            </next>
          </block>
        </next>
      </block>
    </statement>
  </block>
</xml>