﻿<xml xmlns="http://www.w3.org/1999/xhtml" collection="false">
  <block type="trade" id="xgH69|xFn9=70w.*3Vo@" x="0" y="0">
    <field name="MARKET_LIST">volidx</field>
    <field name="SUBMARKET_LIST">random_index</field>
    <field name="SYMBOL_LIST">R_100</field>
    <field name="TRADETYPECAT_LIST">digits</field>
    <field name="TRADETYPE_LIST">overunder</field>
    <field name="TYPE_LIST">both</field>
    <field name="CANDLEINTERVAL_LIST">60</field>
    <field name="TIME_MACHINE_ENABLED">FALSE</field>
    <field name="RESTARTONERROR">TRUE</field>
    <statement name="INITIALIZATION">
      <block type="variables_set" id="oFx.H7B}4V{[peg8sS@j">
        <field name="VAR">LastDigitPrediction</field>
        <value name="VALUE">
          <block type="math_number" id="G):/EZH)gG27Wf~7EBle">
            <field name="NUM">4</field>
          </block>
        </value>
      </block>
    </statement>
    <statement name="SUBMARKET">
      <block type="tradeOptions" id="x=V33~4Lb|(sLv`J[:Eb">
        <field name="DURATIONTYPE_LIST">t</field>
        <field name="CURRENCY_LIST">USD</field>
        <value name="DURATION">
          <shadow type="math_number" id="O*@58sDc=!cOO}*b2vf9">
            <field name="NUM">5</field>
          </shadow>
        </value>
        <value name="AMOUNT">
          <shadow type="math_number" id="ml)25~7^q}3I9}vjf:%K">
            <field name="NUM">1</field>
          </shadow>
        </value>
        <value name="PREDICTION">
          <block type="variables_get" id="Vv+aIacP;I{]-mMisv2m">
            <field name="VAR">LastDigitPrediction</field>
          </block>
        </value>
      </block>
    </statement>
  </block>
  <block type="before_purchase" id="i-CIx.(Onm4?ihxzA}Y]" x="0" y="332">
    <statement name="BEFOREPURCHASE_STACK">
      <block type="controls_if" id="n^#P9DG;#-aO9s4^=2L9">
        <mutation elseif="1"></mutation>
        <value name="IF0">
          <block type="logic_compare" id="1xvTJIuPF;BW%t99Y(5u">
            <field name="OP">EQ</field>
            <value name="A">
              <block type="variables_get" id="KoaO?|;-^i{.I)o8Lkp/">
                <field name="VAR">LastDigitPrediction</field>
              </block>
            </value>
            <value name="B">
              <block type="math_number" id="HXt5*!#G1Bl%FjPVx8#=">
                <field name="NUM">4</field>
              </block>
            </value>
          </block>
        </value>
        <statement name="DO0">
          <block type="purchase" id="W6q#Z-I3q3d[d3-`S[dS">
            <field name="PURCHASE_LIST">DIGITOVER</field>
          </block>
        </statement>
        <value name="IF1">
          <block type="logic_compare" id="RL,DllK3~MS:2.4IZy~0">
            <field name="OP">EQ</field>
            <value name="A">
              <block type="variables_get" id="w7_m-$SdqCN-q*yF0S;B">
                <field name="VAR">LastDigitPrediction</field>
              </block>
            </value>
            <value name="B">
              <block type="math_number" id="~}sZj`ayfO}sh/=TKG.a">
                <field name="NUM">5</field>
              </block>
            </value>
          </block>
        </value>
        <statement name="DO1">
          <block type="purchase" id="`{/wyP;@]C%@N6SH~T*6">
            <field name="PURCHASE_LIST">DIGITOVER</field>
          </block>
        </statement>
      </block>
    </statement>
  </block>
  <block type="after_purchase" id="D^Jz1^n=2vtZku1vBN@;" x="0" y="536">
    <statement name="AFTERPURCHASE_STACK">
      <block type="controls_if" id="}9Lh-]t5z/Lp;1%t9kB9">
        <value name="IF0">
          <block type="logic_negate" id="#6htE;*mhbSEg#~YNz2B">
            <value name="BOOL">
              <block type="variables_get" id="S{.S(n[!Y^!P[Q5z4o9o">
                <field name="VAR">PipSize</field>
              </block>
            </value>
          </block>
        </value>
        <statement name="DO0">
          <block type="controls_forEach" id="MoEAM,!;=Ut9pdIeYvPu">
            <field name="VAR">PipSample</field>
            <value name="LIST">
              <block type="lists_getSublist" id="]~qp3BxNqzGo|gkqp*xy">
                <mutation at1="true" at2="false"></mutation>
                <field name="WHERE1">FROM_END</field>
                <field name="WHERE2">LAST</field>
                <value name="LIST">
                  <block type="ticks" id="@._6$y|0%R.3QyBIMX9s"></block>
                </value>
                <value name="AT1">
                  <block type="math_number" id="SYP]5(=_Yb=HpGUAB?2z">
                    <field name="NUM">5</field>
                  </block>
                </value>
              </block>
            </value>
            <statement name="DO">
              <block type="variables_set" id="M$KG%+)tW-e3*8Le7vjp">
                <field name="VAR">PipSize</field>
                <value name="VALUE">
                  <block type="logic_ternary" id="a;qe:-Khq7)PW(9^!$So">
                    <value name="IF">
                      <block type="logic_compare" id="CaNv(jx}d,,G8NN8:jl-">
                        <field name="OP">EQ</field>
                        <value name="A">
                          <block type="variables_get" id="49}e0/qS]?]k`3mMmD+-">
                            <field name="VAR">PipSize</field>
                          </block>
                        </value>
                        <value name="B">
                          <block type="logic_null" id="%ESB~ud1:1;KGYev/?`s"></block>
                        </value>
                      </block>
                    </value>
                    <value name="THEN">
                      <block type="math_number" id="TT{=jUmy)NpiEm=-foY=">
                        <field name="NUM">0</field>
                      </block>
                    </value>
                    <value name="ELSE">
                      <block type="logic_ternary" id="Oe@k^6]v%!j0:/eqSZl}">
                        <value name="IF">
                          <block type="logic_compare" id="bPwh@IsoB5^IOXM/.jYp">
                            <field name="OP">GT</field>
                            <value name="A">
                              <block type="math_arithmetic" id="s))ueM_5dW1eq[6p?yXN">
                                <field name="OP">MINUS</field>
                                <value name="A">
                                  <shadow type="math_number" id=".mwBHf,PJQ;Yxz;Ym=a6">
                                    <field name="NUM">1</field>
                                  </shadow>
                                  <block type="text_length" id="ftctr0/`D5YG|u=A)7RG">
                                    <value name="VALUE">
                                      <shadow type="text" id=",WOgaoer8w`sw~tc$=T*">
                                        <field name="TEXT">abc</field>
                                      </shadow>
                                      <block type="text_join" id="EIjwU.##OmeKtpstD?Jm">
                                        <mutation items="1"></mutation>
                                        <value name="ADD0">
                                          <block type="variables_get" id="*%qIrxmyzNaTWc.e~]r}">
                                            <field name="VAR">PipSample</field>
                                          </block>
                                        </value>
                                      </block>
                                    </value>
                                  </block>
                                </value>
                                <value name="B">
                                  <shadow type="math_number" id="#?T2o:J5NM`mm;EVv;=d">
                                    <field name="NUM">1</field>
                                  </shadow>
                                  <block type="text_indexOf" id="jf``zRd~=;]?j:;J4w^o">
                                    <field name="END">FIRST</field>
                                    <value name="VALUE">
                                      <block type="text_join" id="XF3h$$tN82mnbM,%sIg)">
                                        <mutation items="1"></mutation>
                                        <value name="ADD0">
                                          <block type="variables_get" id="*NJUL}pXD?@d~jvBEHc)">
                                            <field name="VAR">PipSample</field>
                                          </block>
                                        </value>
                                      </block>
                                    </value>
                                    <value name="FIND">
                                      <shadow type="text" id="`NxeMLrV6D#muusEa%A=">
                                        <field name="TEXT">abc</field>
                                      </shadow>
                                      <block type="text" id="q*I9XQEa$OMTiNuRIrjh">
                                        <field name="TEXT">.</field>
                                      </block>
                                    </value>
                                  </block>
                                </value>
                              </block>
                            </value>
                            <value name="B">
                              <block type="variables_get" id="?R)Tr{aYazKpMFX?zBEm">
                                <field name="VAR">PipSize</field>
                              </block>
                            </value>
                          </block>
                        </value>
                        <value name="THEN">
                          <block type="math_arithmetic" id="ZUkB+mo`Kgs.Zj33D9rF">
                            <field name="OP">MINUS</field>
                            <value name="A">
                              <shadow type="math_number" id=".mwBHf,PJQ;Yxz;Ym=a6">
                                <field name="NUM">1</field>
                              </shadow>
                              <block type="text_length" id=";He!Dhr]8j-(!wUJJ1KO">
                                <value name="VALUE">
                                  <shadow type="text" id=",WOgaoer8w`sw~tc$=T*">
                                    <field name="TEXT">abc</field>
                                  </shadow>
                                  <block type="text_join" id="]E7^6Z3{4TORe=R?w{%J">
                                    <mutation items="1"></mutation>
                                    <value name="ADD0">
                                      <block type="variables_get" id="PuIg%1)qJKpnxMmAMc{/">
                                        <field name="VAR">PipSample</field>
                                      </block>
                                    </value>
                                  </block>
                                </value>
                              </block>
                            </value>
                            <value name="B">
                              <shadow type="math_number" id="#?T2o:J5NM`mm;EVv;=d">
                                <field name="NUM">1</field>
                              </shadow>
                              <block type="text_indexOf" id="ZT$o8OS.14DycYR]gwzR">
                                <field name="END">FIRST</field>
                                <value name="VALUE">
                                  <block type="text_join" id="PTkjhXHN8D7lk$6eA^LL">
                                    <mutation items="1"></mutation>
                                    <value name="ADD0">
                                      <block type="variables_get" id="cm${^S[dt%?5gs5rS.Uw">
                                        <field name="VAR">PipSample</field>
                                      </block>
                                    </value>
                                  </block>
                                </value>
                                <value name="FIND">
                                  <shadow type="text" id="`NxeMLrV6D#muusEa%A=">
                                    <field name="TEXT">abc</field>
                                  </shadow>
                                  <block type="text" id="#)Yo`w6){1f;~I1B7cY_">
                                    <field name="TEXT">.</field>
                                  </block>
                                </value>
                              </block>
                            </value>
                          </block>
                        </value>
                        <value name="ELSE">
                          <block type="variables_get" id="P*Ao|u_-9TbU3(%)Rxlc">
                            <field name="VAR">PipSize</field>
                          </block>
                        </value>
                      </block>
                    </value>
                  </block>
                </value>
              </block>
            </statement>
          </block>
        </statement>
        <next>
          <block type="controls_if" id="u([}bhlmZq+|5a.K@TQq">
            <mutation elseif="1"></mutation>
            <value name="IF0">
              <block type="logic_compare" id="BaQz?}TjQ9@Rd^L8)(-A">
                <field name="OP">LT</field>
                <value name="A">
                  <block type="text_charAt" id="Hgg~Xwq57@cI7)7RVIjQ">
                    <mutation at="false"></mutation>
                    <field name="WHERE">LAST</field>
                    <value name="VALUE">
                      <block type="text_join" id="h7Cz=/.t!k|!$m6n2T(R">
                        <mutation items="1"></mutation>
                        <value name="ADD0">
                          <block type="math_arithmetic" id="aI}rBu{ze]LA?-X*DwMn">
                            <field name="OP">MULTIPLY</field>
                            <value name="A">
                              <shadow type="math_number" id="Y%S,/got9vlxSx%2{kIu">
                                <field name="NUM">1</field>
                              </shadow>
                              <block type="read_details" id="PjO/Y7rczs)}9~xrl4-P">
                                <field name="DETAIL_INDEX">9</field>
                              </block>
                            </value>
                            <value name="B">
                              <shadow type="math_number" id="GfNSX3cDANQqa^Cc92IW">
                                <field name="NUM">1</field>
                              </shadow>
                              <block type="math_arithmetic" id=")YV|dbU4-wrW[to,dxZ@">
                                <field name="OP">POWER</field>
                                <value name="A">
                                  <shadow type="math_number" id="t)c0,^lNtd3{X;|Pe6Y4">
                                    <field name="NUM">1</field>
                                  </shadow>
                                  <block type="math_number" id="8ESyhhDO9~NgVF/Ek}^O">
                                    <field name="NUM">10</field>
                                  </block>
                                </value>
                                <value name="B">
                                  <shadow type="math_number" id="`H@=[*9Ou5br!m/.e0(s">
                                    <field name="NUM">1</field>
                                  </shadow>
                                  <block type="variables_get" id="fmJn,X!CI;qsp-}vam`%">
                                    <field name="VAR">PipSize</field>
                                  </block>
                                </value>
                              </block>
                            </value>
                          </block>
                        </value>
                      </block>
                    </value>
                  </block>
                </value>
                <value name="B">
                  <block type="text_join" id="YLG5KdC?e;;$HCJ%We1Q">
                    <mutation items="1"></mutation>
                    <value name="ADD0">
                      <block type="math_number" id="M3Z59Nx~Sb$$LSM{Cn^M">
                        <field name="NUM">5</field>
                      </block>
                    </value>
                  </block>
                </value>
              </block>
            </value>
            <statement name="DO0">
              <block type="variables_set" id="iIm;`zc8X~E9s7iL6(SX">
                <field name="VAR">LastDigitPrediction</field>
                <value name="VALUE">
                  <block type="math_number" id="s:~Pl0V?W-HeT+HagMW_">
                    <field name="NUM">4</field>
                  </block>
                </value>
              </block>
            </statement>
            <value name="IF1">
              <block type="logic_compare" id="wC;g|+qau*}T|hm)y3LU">
                <field name="OP">GT</field>
                <value name="A">
                  <block type="text_charAt" id="h9q_H]h;**+^7mrO3O^N">
                    <mutation at="false"></mutation>
                    <field name="WHERE">LAST</field>
                    <value name="VALUE">
                      <block type="text_join" id="1HCuJU%+g!Xg,PtMvaZ~">
                        <mutation items="1"></mutation>
                        <value name="ADD0">
                          <block type="math_arithmetic" id="1LBx@YWPvsmhBpV,ySn}">
                            <field name="OP">MULTIPLY</field>
                            <value name="A">
                              <shadow type="math_number" id="Y%S,/got9vlxSx%2{kIu">
                                <field name="NUM">1</field>
                              </shadow>
                              <block type="read_details" id="A.Q3_X`fF=-bpGiPq)3?">
                                <field name="DETAIL_INDEX">9</field>
                              </block>
                            </value>
                            <value name="B">
                              <shadow type="math_number" id="g!pZNuW.t`3206bH2cBR">
                                <field name="NUM">1</field>
                              </shadow>
                              <block type="math_arithmetic" id="lIAIm#txA6g;7p/PA..D">
                                <field name="OP">POWER</field>
                                <value name="A">
                                  <shadow type="math_number" id="t)c0,^lNtd3{X;|Pe6Y4">
                                    <field name="NUM">1</field>
                                  </shadow>
                                  <block type="math_number" id="L?D?sxCIG=#k42xlp9%a">
                                    <field name="NUM">10</field>
                                  </block>
                                </value>
                                <value name="B">
                                  <shadow type="math_number" id="`H@=[*9Ou5br!m/.e0(s">
                                    <field name="NUM">1</field>
                                  </shadow>
                                  <block type="variables_get" id="hSKmTsLoPqX5T:+#AKFf">
                                    <field name="VAR">PipSize</field>
                                  </block>
                                </value>
                              </block>
                            </value>
                          </block>
                        </value>
                      </block>
                    </value>
                  </block>
                </value>
                <value name="B">
                  <block type="text_join" id="^!~w/l]K*|XHVK(m|P2|">
                    <mutation items="1"></mutation>
                    <value name="ADD0">
                      <block type="math_number" id="tQ?Wl:E%7d-aB=XGVUJ:">
                        <field name="NUM">5</field>
                      </block>
                    </value>
                  </block>
                </value>
              </block>
            </value>
            <statement name="DO1">
              <block type="variables_set" id="lM@L0y-rJgEZl@KW6B?+">
                <field name="VAR">LastDigitPrediction</field>
                <value name="VALUE">
                  <block type="math_number" id=")rdGhb1S`_q6-hN_Y5Ju">
                    <field name="NUM">5</field>
                  </block>
                </value>
              </block>
            </statement>
            <next>
              <block type="trade_again" id="c)S|KjoQdXc8l#J@5z3P"></block>
            </next>
          </block>
        </next>
      </block>
    </statement>
  </block>
</xml>